Song,Artist,Album,Requested,Time
"The funeral","Band of Horses","Every thing",false,2011-09-23T18:56:38Z
"In Vain or True","Fistful of Mercy","As I Call You down",false,2011-09-23T18:53:16Z
Empire,"Jukebox The Ghos","Everything Under the Sun",false,2011-09-23T18:51:06Z
"Don't Cry","Imaginary Cities","Temporary  Resident",false,2011-09-23T18:43:45Z
"Cloud Shadow on the Mountain","Wolf Parade","Expo 86",false,2011-09-23T18:38:50Z
"Get up",Jonquil,"One Hundred Sins",false,2011-09-23T18:34:55Z
"Goes By","Blank Dogs","Land and Fixed",false,2011-09-23T18:31:48Z
"Liberation Begins",Various,"127 Songs",false,2011-09-23T18:26:59Z
"Soft Skin","Mountain Man","Made The Harbor",false,2011-09-23T18:24:45Z
"The way to a moster's lair","In Tall Buildings","in tall buidings",false,2011-09-23T18:19:53Z
"There's room in my will","Invisible Hand","Invisible Hand",false,2011-09-23T18:17:51Z
"Pees and Deetoo","Joe Vanderheyden","Complete Life",false,2011-09-23T18:13:35Z
Swing,"Faye Wong","Eyes on Me",false,2011-09-23T18:07:29Z
"Eyes on me","Faye Wong","Eyes on Me",false,2011-09-23T17:59:01Z
"I don't wanna be this ","Faye Wong","Eyes on Me",false,2011-09-23T17:51:51Z
"Red Bean","Faye Wong","Eyes on Me",false,2011-09-23T17:45:55Z
"The First Song","Band of Horses","Every Thing All The Time",false,2011-09-23T17:38:35Z
"I don't want to waste your time","Fistful of Mercy","As I Call You down",false,2011-09-23T17:34:39Z
"I Will Be Waiting",Adele,21,false,2011-09-23T17:27:54Z
"Oh pretty boy you are such a big boy",Menomena,Mines,false,2011-09-23T17:21:40Z
Cloudlight,Eskmo,Eskmo,false,2011-09-23T17:19:53Z
"Fistful Of Mercy","fistful of mercy","As I Call You down",false,2011-09-23T17:13:14Z
believer,goldfrapp,"head first",false,2011-09-23T17:09:39Z
"the funeral","band of horses","every thing all the tme",false,2011-09-23T16:53:11Z
"Purple Rain",Prince,"Purple Rain",false,2011-09-22T00:55:08Z
Mamunia,"Paul McCartney","Band on the Run",false,2011-09-22T00:50:11Z
Rain,"The Jam",Album,false,2011-09-22T00:47:07Z
"Good Day Sunshine","The Beatles",Revolver,false,2011-09-22T00:43:49Z
"Rainy Day in June","The Kinks","Face to Face",false,2011-09-22T00:42:09Z
"See the Sky About to Rain","Neil Young","On the Beach",false,2011-09-22T00:40:11Z
"Who Loves the Sun","The Velvet Underground",Loaded,false,2011-09-22T00:25:29Z
"Box of Rain","Grateful Dead","American Beauty",false,2011-09-22T00:20:18Z
"Rainy Day, Dream Away","The Jimi Hendrix Experience","Electric Lady Land",false,2011-09-22T00:14:46Z
"A Beautiful Morning","The Rascals",Album,false,2011-09-22T00:12:10Z
Raindrops,"Dee Clark",Album,false,2011-09-22T00:09:42Z
"Mr. Blue Sky",ELO,Album,false,2011-09-22T00:04:13Z
